[
  {
    "title": "Dockers Mens Bircham Slip-On Clogs",
    "price": "$39.99",
    "image": "https://target.scene7.com/is/image/Target/GUEST_b195b583-1baa-4934-b587-8e84bfe5e1ab?wid=400&hei=400&qlt=80&fmt=webp",
    "store": "Target – Walker, MI"
  },
  {
    "title": "Thomas & Vine Kemp Textile Sneakers",
    "price": "$54.99",
    "image": "https://target.scene7.com/is/image/Target/GUEST_09d067b6-8ca1-4557-a6b4-baab2df1c2e9?wid=400&hei=400&qlt=80&fmt=webp",
    "store": "Target – Walker, MI"
  },
  {
    "title": "Club C 85 Vintage Shoes",
    "price": "$90.00",
    "image": "https://target.scene7.com/is/image/Target/GUEST_ba182b5f-05e8-42c3-9d6b-62cbe41cd8e6?wid=400&hei=400&qlt=80&fmt=webp",
    "store": "Target – Walker, MI"
  },
  {
    "title": "S Sport by Skechers Rummie Pull-On Sneakers",
    "price": "$29.99",
    "image": "https://target.scene7.com/is/image/Target/baseswatch?color=20%2C19%2C19&wid=400&hei=400&qlt=80&fmt=webp",
    "store": "Target – Walker, MI"
  },
  {
    "title": "Peace 3.0 Sneakers",
    "price": "$34.99",
    "image": "//img.marshalls.com/marshalls?set=DisplayName[f2],prd[4000378334_NS6275994]&call=url[file:tjxrPRD2_RB.chain]",
    "store": "Marshalls – Walker, MI"
  },
  {
    "title": "Leather Mcguffey Sport Sneakers",
    "price": "$59.99",
    "image": "//img.marshalls.com/marshalls?set=DisplayName[f2],prd[4000372814_NS4155761]&call=url[file:tjxrPRD2_RB.chain]",
    "store": "Marshalls – Walker, MI"
  },
  {
    "title": "Suede Bend Dotted Sneakers",
    "price": "$79.99",
    "image": "//img.marshalls.com/marshalls?set=DisplayName[f2],prd[4000363003_NS4155245]&call=url[file:tjxrPRD2_RB.chain]",
    "store": "Marshalls – Walker, MI"
  },
  {
    "title": "Clarks Pro Knit Casual Shoes",
    "price": "$49.99",
    "image": "//img.marshalls.com/marshalls?set=DisplayName[f2],prd[4000356172_NS4154916]&call=url[file:tjxrPRD2_RB.chain]",
    "store": "Marshalls – Walker, MI"
  },
  {
    "title": "Made in Spain Suede Sneakers",
    "price": "$59.99",
    "image": "//img.marshalls.com/marshalls?set=DisplayName[f2],prd[4000329478_NS4155130]&call=url[file:tjxrPRD2_RB.chain]",
    "store": "Marshalls – Walker, MI"
  },
  {
    "title": "Arizona Corduroy Outsole Sandals",
    "price": "$79.99",
    "image": "//img.marshalls.com/marshalls?set=DisplayName[f2],prd[4000362999_NS4155245]&call=url[file:tjxrPRD2_RB.chain]",
    "store": "Marshalls – Walker, MI"
  },
  {
    "title": "Men’s Suede Moccasins",
    "price": "$39.99",
    "image": "//img.marshalls.com/marshalls?set=DisplayName[f2],prd[4000356190_NS4155730]&call=url[file:tjxrPRD2_RB.chain]",
    "store": "Marshalls – Walker, MI"
  },
  {
    "title": "Leather H Band Slides",
    "price": "$24.99",
    "image": "//img.marshalls.com/marshalls?set=DisplayName[f2],prd[4000343407_NS5799352]&call=url[file:tjxrPRD2_RB.chain]",
    "store": "Marshalls – Walker, MI"
  },
  {
    "title": "Men’s Clarks Tabor Sneakers",
    "price": "$44.99",
    "image": "//img.marshalls.com/marshalls?set=DisplayName[f2],prd[4000379277_NS4255397]&call=url[file:tjxrPRD2_RB.chain]",
    "store": "Marshalls – Walker, MI"
  },
  {
    "title": "Floral Espadrille Sandals",
    "price": "$59.99",
    "image": "//img.marshalls.com/marshalls?set=DisplayName[f2],prd[4000302599_NS4155510]&call=url[file:tjxrPRD2_RB.chain]",
    "store": "Marshalls – Walker, MI"
  },
  {
    "title": "Store Name Sandals – Burlington",
    "price": "$49.99",
    "image": "https://via.placeholder.com/400x400?text=Burlington+1",
    "store": "Burlington – Walker, MI"
  },
  {
    "title": "Urban Canvas Sneakers",
    "price": "$29.99",
    "image": "https://via.placeholder.com/400x400?text=Burlington+2",
    "store": "Burlington – Walker, MI"
  },
  {
    "title": "Kids’ Velcro Sandals",
    "price": "$24.99",
    "image": "https://via.placeholder.com/400x400?text=Burlington+3",
    "store": "Burlington – Walker, MI"
  },
  {
    "title": "Men’s Athletic Runners",
    "price": "$34.99",
    "image": "https://via.placeholder.com/400x400?text=Burlington+4",
    "store": "Burlington – Walker, MI"
  },
  {
    "title": "Women’s Fashion Flats",
    "price": "$39.99",
    "image": "https://via.placeholder.com/400x400?text=Burlington+5",
    "store": "Burlington – Walker, MI"
  },
  {
    "title": "Comfort Slide Sandals",
    "price": "$19.99",
    "image": "https://via.placeholder.com/400x400?text=Burlington+6",
    "store": "Burlington – Walker, MI"
  }
]
